path,line,symbol,kind,source
"lib/src/navigation/app_chat_route.dart","308","openOrReuseAppChat","await","await ChatOpenViewportCoordinator.instance.prepareOpenViewport("
"lib/src/services/chat_open_viewport_coordinator.dart","105","ChatOpenViewportCoordinator.prepareTimeout","budget","static const Duration prepareTimeout = Duration(milliseconds: 400);"
"lib/src/services/chat_open_viewport_coordinator.dart","108","ChatOpenViewportCoordinator.localBudget","budget","static const Duration localBudget = Duration(milliseconds: 100);"
"lib/src/services/chat_open_viewport_coordinator.dart","111","ChatOpenViewportCoordinator.cloudGraceBudget","budget","static const Duration cloudGraceBudget = Duration(milliseconds: 200);"
"lib/src/services/chat_open_viewport_coordinator.dart","117","ChatOpenViewportCoordinator.ensureLocalSnapshotForOpen","budget","Duration timeout = const Duration(milliseconds: 280),"
"lib/src/services/chat_open_viewport_coordinator.dart","166","ChatOpenViewportCoordinator.ensureLocalSnapshotForOpen","await","return (await task.timeout(timeout)).shouldSuppressOrdinaryLoad;"
"lib/src/services/chat_open_viewport_coordinator.dart","232","ChatOpenViewportCoordinator._ensureLatestWindowResetForOpen","await","final outcome = await ChatLatestWindowResetService.instance.runForOpen("
"lib/src/services/chat_open_viewport_coordinator.dart","244","ChatOpenViewportCoordinator._ensureLatestWindowResetForOpen","await","return (await task.timeout(timeout)).shouldSuppressOrdinaryLoad;"
"lib/src/services/chat_open_viewport_coordinator.dart","282","ChatOpenViewportCoordinator.prepareForOpen","detached","unawaited(ensureLocalSnapshotForOpen("
"lib/src/services/chat_open_viewport_coordinator.dart","499","ChatOpenViewportCoordinator.prepareOpenViewport","detached","unawaited(ensureLocalSnapshotForOpen("
"lib/src/services/chat_open_viewport_coordinator.dart","564","ChatOpenViewportCoordinator.prepareOpenViewport","await","await ensureLocalSnapshotForOpen("
"lib/src/services/chat_open_viewport_coordinator.dart","636","ChatOpenViewportCoordinator.prepareOpenViewport","detached","unawaited("
"lib/src/services/chat_latest_window_reset_service.dart","79","LatestWindowResetEnvironment.new","budget","inPagePollInterval ?? const Duration(milliseconds: 500);"
"lib/src/services/chat_latest_window_reset_service.dart","83","LatestWindowResetEnvironment.defaultFastRetryDelays","budget","Duration(milliseconds: 800),"
"lib/src/services/chat_latest_window_reset_service.dart","84","LatestWindowResetEnvironment.defaultFastRetryDelays","budget","Duration(seconds: 2),"
"lib/src/services/chat_latest_window_reset_service.dart","91","LatestWindowResetEnvironment.defaultSlowRetryDelays","budget","Duration(seconds: 5),"
"lib/src/services/chat_latest_window_reset_service.dart","92","LatestWindowResetEnvironment.defaultSlowRetryDelays","budget","Duration(seconds: 15),"
"lib/src/services/chat_latest_window_reset_service.dart","93","LatestWindowResetEnvironment.defaultSlowRetryDelays","budget","Duration(seconds: 60),"
"lib/src/services/chat_latest_window_reset_service.dart","313","ChatLatestWindowResetService._run","await","outcome = await _execute("
"lib/src/services/chat_latest_window_reset_service.dart","364","ChatLatestWindowResetService._onNetworkStatusChanged","detached","unawaited(runInPage("
"lib/src/services/chat_latest_window_reset_service.dart","442","ChatLatestWindowResetService._waitUntilUserAllowsReset","await","await Future<void>.delayed(_env.inPagePollInterval);"
"lib/src/services/chat_latest_window_reset_service.dart","480","ChatLatestWindowResetService._execute","await","final offline = await _installOfflineProvisional("
"lib/src/services/chat_latest_window_reset_service.dart","501","ChatLatestWindowResetService._execute","await","await _delayOrWake(op, delay);"
"lib/src/services/chat_latest_window_reset_service.dart","514","ChatLatestWindowResetService._execute","await","if (!await _waitUntilUserAllowsReset(op)) return _endInvalid(op);"
"lib/src/services/chat_latest_window_reset_service.dart","518","ChatLatestWindowResetService._execute","await","await Future<void>.delayed(const Duration(milliseconds: 120));"
"lib/src/services/chat_latest_window_reset_service.dart","525","ChatLatestWindowResetService._execute","await","final attemptOutcome = await _attemptCloudLatestWindow("
"lib/src/services/chat_latest_window_reset_service.dart","575","ChatLatestWindowResetService._delayOrWake","await","await wake.future.timeout(delay);"
"lib/src/services/chat_latest_window_reset_service.dart","594","ChatLatestWindowResetService._attemptCloudLatestWindow","await","final clearedAt = await ArchiveHistoryProvider.historyClearedAtMs(key);"
"lib/src/services/chat_latest_window_reset_service.dart","607","ChatLatestWindowResetService._attemptCloudLatestWindow","await","result = await _env.loadCloud(conversation);"
"lib/src/services/chat_latest_window_reset_service.dart","721","ChatLatestWindowResetService._attemptCloudLatestWindow","await","messages = await lifeCycle!.didGetHistoricalMessageList(messages);"
"lib/src/services/chat_latest_window_reset_service.dart","724","ChatLatestWindowResetService._attemptCloudLatestWindow","await","messages = await ArchiveHistoryProvider.filterMessagesAfterHistoryClear("
"lib/src/services/chat_latest_window_reset_service.dart","745","ChatLatestWindowResetService._attemptCloudLatestWindow","await","await ChatImageMessagePrefetch.prepareFirstWindowMedia("
"lib/src/services/chat_latest_window_reset_service.dart","760","ChatLatestWindowResetService._attemptCloudLatestWindow","await","if (clearedAt != await ArchiveHistoryProvider.historyClearedAtMs(key)) {"
"lib/src/services/chat_latest_window_reset_service.dart","882","ChatLatestWindowResetService._installOfflineProvisional","await","final clearedAt = await ArchiveHistoryProvider.historyClearedAtMs(key);"
"lib/src/services/chat_latest_window_reset_service.dart","889","ChatLatestWindowResetService._installOfflineProvisional","await","final local = await _env.loadLocal(conversation);"
"lib/src/services/chat_latest_window_reset_service.dart","899","ChatLatestWindowResetService._installOfflineProvisional","await","messages = await lifeCycle!.didGetHistoricalMessageList(messages);"
"lib/src/services/chat_latest_window_reset_service.dart","902","ChatLatestWindowResetService._installOfflineProvisional","await","messages = await ArchiveHistoryProvider.filterMessagesAfterHistoryClear("
"lib/src/services/chat_history_peek_bootstrap.dart","43","ChatHistoryPeekBootstrap.c2cCloudVerifyAfterLocalFirst","budget","Duration(milliseconds: 120);"
"lib/src/services/chat_history_peek_bootstrap.dart","47","ChatHistoryPeekBootstrap.defaultRetryDelays","budget","Duration(milliseconds: 350),"
"lib/src/services/chat_history_peek_bootstrap.dart","48","ChatHistoryPeekBootstrap.defaultRetryDelays","budget","Duration(milliseconds: 900),"
"lib/src/services/chat_history_peek_bootstrap.dart","49","ChatHistoryPeekBootstrap.defaultRetryDelays","budget","Duration(milliseconds: 1800),"
"lib/src/services/chat_history_peek_bootstrap.dart","50","ChatHistoryPeekBootstrap.defaultRetryDelays","budget","Duration(milliseconds: 3000),"
"lib/src/services/chat_history_peek_bootstrap.dart","250","ChatHistoryPeekBootstrap.apply","await","await ArchiveHistoryProvider.historyClearedAtMs(key);"
"lib/src/services/chat_history_peek_bootstrap.dart","258","ChatHistoryPeekBootstrap.apply","await","final clearedAt = await ArchiveHistoryProvider.historyClearedAtMs(key);"
"lib/src/services/chat_history_peek_bootstrap.dart","288","ChatHistoryPeekBootstrap.apply","await","final result = await acceptJoinedResult(await inFlight);"
"lib/src/services/chat_history_peek_bootstrap.dart","327","ChatHistoryPeekBootstrap.apply","await","final result = await acceptJoinedResult(await localPhase.future);"
"lib/src/services/chat_history_peek_bootstrap.dart","355","ChatHistoryPeekBootstrap.apply","await","localHandoffCompleted = await localPhase!.future;"
"lib/src/services/chat_history_peek_bootstrap.dart","376","ChatHistoryPeekBootstrap.apply","await","return await _applyImpl("
"lib/src/services/chat_history_peek_bootstrap.dart","398","ChatHistoryPeekBootstrap.apply","await","return await task;"
"lib/src/services/chat_history_peek_bootstrap.dart","476","ChatHistoryPeekBootstrap._applyImpl","await","final currentEpoch = await ArchiveHistoryProvider.historyClearedAtMs(key);"
"lib/src/services/chat_history_peek_bootstrap.dart","482","ChatHistoryPeekBootstrap._applyImpl","await","if (!sessionIsCurrent() || !await clearFenceIsCurrent()) return false;"
"lib/src/services/chat_history_peek_bootstrap.dart","538","ChatHistoryPeekBootstrap._applyImpl","await","await globalModel.ensureMessageHistoryCoverageLoaded(key);"
"lib/src/services/chat_history_peek_bootstrap.dart","550","ChatHistoryPeekBootstrap._applyImpl","await","if (!await warmCoverageAllowsSkip()) {"
"lib/src/services/chat_history_peek_bootstrap.dart","576","ChatHistoryPeekBootstrap._applyImpl","await","if (!await warmCoverageAllowsSkip()) {"
"lib/src/services/chat_history_peek_bootstrap.dart","613","ChatHistoryPeekBootstrap._applyImpl","await","final kept = await ArchiveHistoryProvider.filterMessagesAfterHistoryClear("
"lib/src/services/chat_history_peek_bootstrap.dart","617","ChatHistoryPeekBootstrap._applyImpl","await","if (!sessionIsCurrent() || !await clearFenceIsCurrent()) return false;"
"lib/src/services/chat_history_peek_bootstrap.dart","630","ChatHistoryPeekBootstrap._applyImpl","await","clearEpoch: await ArchiveHistoryProvider.historyClearedAtMs(key),"
"lib/src/services/chat_history_peek_bootstrap.dart","660","ChatHistoryPeekBootstrap._applyImpl","await","final clearedAt = await ArchiveHistoryProvider.historyClearedAtMs(key);"
"lib/src/services/chat_history_peek_bootstrap.dart","665","ChatHistoryPeekBootstrap._applyImpl","await","await globalModel.ensureMessageHistoryCoverageLoaded("
"lib/src/services/chat_history_peek_bootstrap.dart","677","ChatHistoryPeekBootstrap._applyImpl","await","if (!sessionIsCurrent() || !await clearFenceIsCurrent()) return false;"
"lib/src/services/chat_history_peek_bootstrap.dart","685","ChatHistoryPeekBootstrap._applyImpl","await","final currentClearedAt = await ArchiveHistoryProvider.historyClearedAtMs("
"lib/src/services/chat_history_peek_bootstrap.dart","705","ChatHistoryPeekBootstrap._applyImpl","await","return sessionIsCurrent() && await clearFenceIsCurrent();"
"lib/src/services/chat_history_peek_bootstrap.dart","750","ChatHistoryPeekBootstrap._applyImpl","await","final local = await ConversationPeekService.loadLocalForChatEntry("
"lib/src/services/chat_history_peek_bootstrap.dart","798","ChatHistoryPeekBootstrap._applyImpl","await","await lifeCycle!.didGetHistoricalMessageList(localMessages);"
"lib/src/services/chat_history_peek_bootstrap.dart","804","ChatHistoryPeekBootstrap._applyImpl","await","await ChatImageMessagePrefetch.prepareFirstWindowMedia("
"lib/src/services/chat_history_peek_bootstrap.dart","815","ChatHistoryPeekBootstrap._applyImpl","await","await canCommitInitialWindow()) {"
"lib/src/services/chat_history_peek_bootstrap.dart","956","ChatHistoryPeekBootstrap._applyImpl","await","if (!await canCommitInitialWindow()) {"
"lib/src/services/chat_history_peek_bootstrap.dart","1006","ChatHistoryPeekBootstrap._applyImpl","await","await Future<void>.delayed(delay);"
"lib/src/services/chat_history_peek_bootstrap.dart","1008","ChatHistoryPeekBootstrap._applyImpl","await","if (!sessionIsCurrent() || !await clearFenceIsCurrent()) return false;"
"lib/src/services/chat_history_peek_bootstrap.dart","1037","ChatHistoryPeekBootstrap._applyImpl","await","final result = await ConversationPeekService.loadForChatEntry("
"lib/src/services/chat_history_peek_bootstrap.dart","1062","ChatHistoryPeekBootstrap._applyImpl","await","if (!await canCommitInitialWindow()) {"
"lib/src/services/chat_history_peek_bootstrap.dart","1127","ChatHistoryPeekBootstrap._applyImpl","await","messages = await lifeCycle!.didGetHistoricalMessageList(messages);"
"lib/src/services/chat_history_peek_bootstrap.dart","1130","ChatHistoryPeekBootstrap._applyImpl","await","messages = await ArchiveHistoryProvider.filterMessagesAfterHistoryClear("
"lib/src/services/chat_history_peek_bootstrap.dart","1135","ChatHistoryPeekBootstrap._applyImpl","await","if (!await canCommitInitialWindow()) {"
"lib/src/services/chat_history_peek_bootstrap.dart","1152","ChatHistoryPeekBootstrap._applyImpl","await","await ChatImageMessagePrefetch.prepareFirstWindowMedia("
"lib/src/services/chat_history_peek_bootstrap.dart","1361","ChatHistoryPeekBootstrap._applyImpl","await","if (!await canCommitInitialWindow()) {"
"lib/src/services/conversation_history_sync_coordinator.dart","60","ConversationHistorySyncCoordinator._retryDelays","budget","Duration(seconds: 1),"
"lib/src/services/conversation_history_sync_coordinator.dart","61","ConversationHistorySyncCoordinator._retryDelays","budget","Duration(seconds: 5),"
"lib/src/services/conversation_history_sync_coordinator.dart","68","ConversationHistorySyncCoordinator._queueRetryDelays","budget","Duration(seconds: 15),"
"lib/src/services/conversation_history_sync_coordinator.dart","69","ConversationHistorySyncCoordinator._queueRetryDelays","budget","Duration(seconds: 60),"
"lib/src/services/conversation_history_sync_coordinator.dart","70","ConversationHistorySyncCoordinator._queueRetryDelays","budget","Duration(minutes: 5),"
"lib/src/services/conversation_history_sync_coordinator.dart","76","ConversationHistorySyncCoordinator._sdkHistoryTimeout","budget","static const Duration _sdkHistoryTimeout = Duration(seconds: 12);"
"lib/src/services/conversation_history_sync_coordinator.dart","140","ConversationHistorySyncCoordinator.runUserOlderPagination","timer_or_timeout","final flight = task().timeout(_sdkHistoryTimeout);"
"lib/src/services/conversation_history_sync_coordinator.dart","181","ConversationHistorySyncCoordinator._waitForUserOlderPagination","await","await Future<void>.delayed(const Duration(milliseconds: 50));"
"lib/src/services/conversation_history_sync_coordinator.dart","247","ConversationHistorySyncCoordinator._runOpenViewportRepair","await","final applied = await ChatHistoryPeekBootstrap.apply("
"lib/src/services/conversation_history_sync_coordinator.dart","254","ConversationHistorySyncCoordinator._runOpenViewportRepair","timer_or_timeout",").timeout(_sdkHistoryTimeout);"
"lib/src/services/conversation_history_sync_coordinator.dart","302","ConversationHistorySyncCoordinator.verifyAfterFirstFrame","budget","Duration delay = const Duration(milliseconds: 700),"
"lib/src/services/conversation_history_sync_coordinator.dart","511","ConversationHistorySyncCoordinator.reconcileConversation","await","final result = await globalModel.reconcileConversationCloud("
"lib/src/services/conversation_history_sync_coordinator.dart","518","ConversationHistorySyncCoordinator.reconcileConversation","await","final coverage = await globalModel.ensureMessageHistoryCoverageLoaded(key);"
"lib/src/services/conversation_history_sync_coordinator.dart","583","ConversationHistorySyncCoordinator._enqueueRetry","timer_or_timeout","_retryTimers[key] = Timer(_queueRetryDelays[retryNumber - 1], () {"
"lib/src/services/conversation_history_sync_coordinator.dart","589","ConversationHistorySyncCoordinator._enqueueRetry","detached","unawaited("
"lib/src/services/conversation_history_sync_coordinator.dart","612","ConversationHistorySyncCoordinator._runVerification","await","await Future<void>.delayed(delay);"
"lib/src/services/conversation_history_sync_coordinator.dart","643","ConversationHistorySyncCoordinator._runVerification","await","await Future<void>.delayed(_retryDelays[index]);"
"lib/src/services/conversation_history_sync_coordinator.dart","649","ConversationHistorySyncCoordinator._runVerification","await","if (!await _waitForUserOlderPagination(conversationKey)) {"
"lib/src/services/conversation_history_sync_coordinator.dart","661","ConversationHistorySyncCoordinator._runVerification","await","final applied = await ChatHistoryPeekBootstrap.apply("
"lib/src/services/conversation_history_sync_coordinator.dart","668","ConversationHistorySyncCoordinator._runVerification","timer_or_timeout",").timeout(_sdkHistoryTimeout);"
"lib/src/services/conversation_history_sync_coordinator.dart","685","ConversationHistorySyncCoordinator._runVerification","await","final coverage = await globalModel.ensureMessageHistoryCoverageLoaded("
"lib/src/services/conversation_history_sync_coordinator.dart","701","ConversationHistorySyncCoordinator._runVerification","await","final catchUp = await globalModel"
"lib/src/services/conversation_history_sync_coordinator.dart","706","ConversationHistorySyncCoordinator._runVerification","timer_or_timeout",".timeout(_sdkHistoryTimeout);"
"lib/src/chat_page/chat_post_open_scheduler.dart","33","ChatPostOpenScheduler.routeFallbackDelay","budget","static const Duration routeFallbackDelay = Duration(milliseconds: 1000);"
"lib/src/chat_page/chat_post_open_scheduler.dart","34","ChatPostOpenScheduler.p1Delay","budget","static const Duration p1Delay = Duration(milliseconds: 80);"
"lib/src/chat_page/chat_post_open_scheduler.dart","35","ChatPostOpenScheduler.p2Delay","budget","static const Duration p2Delay = Duration(milliseconds: 220);"
"lib/src/chat_page/chat_post_open_scheduler.dart","36","ChatPostOpenScheduler.idleDelay","budget","static const Duration idleDelay = Duration(milliseconds: 380);"
"lib/src/chat_page/chat_post_open_scheduler.dart","37","ChatPostOpenScheduler.muteNetworkDelay","budget","static const Duration muteNetworkDelay = Duration(milliseconds: 450);"
"lib/src/chat_page/chat_post_open_scheduler.dart","38","ChatPostOpenScheduler.defaultTaskTimeout","budget","static const Duration defaultTaskTimeout = Duration(seconds: 8);"
"lib/src/chat_page/chat_post_open_scheduler.dart","91","ChatPostOpenScheduler.schedule","timer_or_timeout","timer = Timer(delay, () {"
"lib/src/chat_page/chat_post_open_scheduler.dart","145","ChatPostOpenScheduler._drain","timer_or_timeout","final watchdog = Timer(pending.timeout, () {"
"lib/src/chat_page/chat_open_lifecycle.dart","78","ChatOpenLifecycle.waitForOpenHistoryGate","await","await gate;"
"lib/src/chat_page/chat_open_lifecycle.dart","89","ChatOpenLifecycle.waitForOpenHistoryPreparationGate","await","await Future.wait("
"lib/src/chat_page/chat_open_lifecycle.dart","92","ChatOpenLifecycle.waitForOpenHistoryPreparationGate","await","await gate;"
"lib/src/services/chat_viewport/open_viewport_cache.dart","156","OpenViewportCache.prepareVisible","await","final local = await ConversationPeekService.loadLocalForChatEntry("
"lib/src/services/chat_open_perf_log.dart","30","ChatOpenPerfLog.settleSummaryDelay","budget","static Duration settleSummaryDelay = const Duration(milliseconds: 2000);"
"lib/src/services/chat_open_perf_log.dart","402","ChatOpenPerfLog._scheduleSettleSummary","timer_or_timeout","ledger.settleTimer = Timer(settleSummaryDelay, () {"
"lib/src/services/chat_open_perf_log.dart","605","ChatOpenPerfLog.resetForTest","budget","settleSummaryDelay = const Duration(milliseconds: 2000);"
"third_party/tencent_cloud_chat_uikit/lib/ui/utils/chat_history_open_layout_ready.dart","93","ChatHistoryOpenLayoutReady.wait","budget","Duration timeout = const Duration(milliseconds: 1000),"
"third_party/tencent_cloud_chat_uikit/lib/ui/utils/chat_history_open_layout_ready.dart","104","ChatHistoryOpenLayoutReady.wait","await","await completer.future.timeout(timeout);"
"lib/src/chat.dart","915","_ChatState._scheduleReconnectHistoryRecovery","budget","_reconnectRecoveryTimer = Timer(const Duration(milliseconds: 350), () {"
"lib/src/chat.dart","931","_ChatState._scheduleReconnectHistoryRecovery","detached","unawaited("
"lib/src/chat.dart","1312","_ChatState._loadChatLocalDraft","await","final text = await ConversationDraftService.instance.loadDraftText("
"lib/src/chat.dart","1348","_ChatState._loadChatLocalDraft","post_frame","WidgetsBinding.instance.addPostFrameCallback((_) {"
"lib/src/chat.dart","1363","_ChatState._persistChatLocalDraftText","await","await _draftWrites.enqueue("
"lib/src/chat.dart","1393","_ChatState._persistChatLocalDraftText","await","await ConversationDraftService.instance.persistDraft("
"lib/src/chat.dart","1420","_ChatState._onChatDraftTextChanged","detached","unawaited(_persistChatLocalDraftText(raw, generation)),"
"lib/src/chat.dart","1439","_ChatState._persistChatLocalDraft","await","await _persistChatLocalDraftText("
"lib/src/chat.dart","1463","_ChatState._clearChatLocalDraftAfterSend","await","await _draftWrites.enqueue("
"lib/src/chat.dart","1465","_ChatState._clearChatLocalDraftAfterSend","await","await ConversationDraftService.instance.clearDraftForConversationIds("
"lib/src/chat.dart","4275","_ChatState._startOpenHistoryGate","detached","unawaited(preparation);"
"lib/src/chat.dart","4277","_ChatState._startOpenHistoryGate","detached","unawaited(_ensureGroupLocalTipsMergedOnOpen(convKey));"
"lib/src/chat.dart","4314","_ChatState._runOpenHistoryGateWithTipsMerge","await","await preparation.timeout("
"lib/src/chat.dart","4315","_ChatState._runOpenHistoryGateWithTipsMerge","budget","const Duration(milliseconds: 1200),"
"lib/src/chat.dart","4329","_ChatState._runOpenHistoryGateWithTipsMerge","await","await _ensureGroupLocalTipsMergedOnOpen("
"lib/src/chat.dart","4331","_ChatState._runOpenHistoryGateWithTipsMerge","budget",").timeout(const Duration(milliseconds: 400));"
"lib/src/chat.dart","4349","_ChatState._runOpenHistoryGateWithTipsMerge","await","await _waitOpenHistoryLayoutReady(convKey);"
"lib/src/chat.dart","4355","_ChatState._waitOpenHistoryLayoutReady","await","final ready = await ChatHistoryOpenLayoutReady.wait("
"lib/src/chat.dart","4357","_ChatState._waitOpenHistoryLayoutReady","budget","timeout: const Duration(milliseconds: 300),"
"lib/src/chat.dart","4388","_ChatState._prepareOpenHistoryGate","await","await ChatOpenViewportCoordinator.instance.ensureLocalSnapshotForOpen("
"lib/src/chat.dart","4390","_ChatState._prepareOpenHistoryGate","budget","timeout: const Duration(milliseconds: 900),"
"lib/src/chat.dart","4519","_ChatState._ensureGroupLocalTipsMergedOnOpen","await","await GroupTipsOperatorPatchService.instance.applyPatchesForVisibleGroup("
"lib/src/chat.dart","7419","_ChatState._reloadChatHistoryIfEmpty","await","final preview = await _fetchConversationPreviewLastMessage();"
"lib/src/chat.dart","7462","_ChatState._reloadChatHistoryIfEmpty","await","await _chatController.refreshCurrentHistoryList();"
"lib/src/chat.dart","7467","_ChatState._reloadChatHistoryIfEmpty","await","final merged = await _mergePreviewMessageIfMissing();"
"lib/src/chat.dart","7487","_ChatState._reloadChatHistoryIfEmpty","await","await model.loadChatRecord("
"lib/src/chat.dart","7505","_ChatState._reloadChatHistoryIfEmpty","await","await ConversationHistorySyncCoordinator.instance.verifyAfterFirstFrame("
"lib/src/chat.dart","7528","_ChatState._reloadChatHistoryIfEmpty","await","await ChatSessionController.instance.historyClearedAtMs(convKey);"
"lib/src/chat.dart","7558","_ChatState._reloadChatHistoryIfEmpty","await","await _chatController.refreshCurrentHistoryList();"
"lib/src/chat.dart","7884","_ChatState._markChatOpenHistoryReady","post_frame","WidgetsBinding.instance.addPostFrameCallback((_) {"
"lib/src/chat.dart","7903","_ChatState._scheduleDeferredHistoryVerification","post_frame","WidgetsBinding.instance.addPostFrameCallback((_) {"
"lib/src/chat.dart","7962","_ChatState._scheduleDeferredHistoryVerification","budget","? const Duration(milliseconds: 700)"
"lib/src/chat.dart","7974","_ChatState._scheduleDeferredHistoryVerification","detached","unawaited(verification.whenComplete(() {"
"lib/src/chat.dart","7980","_ChatState._scheduleDeferredHistoryVerification","detached","unawaited(_prefetchMediaByType());"
"lib/src/chat.dart","8032","_ChatState._runDeferredHistoryVerification","await","await _performDeferredHistoryVerification("
"lib/src/chat.dart","8050","_ChatState._performDeferredHistoryVerification","await","await Future<void>.delayed(delay);"
"lib/src/chat.dart","8062","_ChatState._performDeferredHistoryVerification","await","final previewAhead = await _conversationPreviewAheadOfHistory();"
"lib/src/chat.dart","8104","_ChatState._performDeferredHistoryVerification","await","await Future<void>.delayed(const Duration(milliseconds: 700));"
"lib/src/chat.dart","8119","_ChatState._performDeferredHistoryVerification","await","final latestPreview = await _fetchConversationPreviewLastMessage();"
"lib/src/chat.dart","8127","_ChatState._performDeferredHistoryVerification","await","await ConversationHistorySyncCoordinator.instance.verifyAfterFirstFrame("
"lib/src/chat.dart","8256","_ChatState._schedulePostOpenTasks","await","await _openLifecycle.waitForOpenHistoryPreparationGate();"
"lib/src/chat.dart","8272","_ChatState._schedulePostOpenTasks","await","await Future.wait<void>(<Future<void>>["
"lib/src/chat.dart","8279","_ChatState._schedulePostOpenTasks","await","await _prepareOfficialAccountChat();"
"lib/src/chat.dart","8282","_ChatState._schedulePostOpenTasks","await","await Future.wait<void>(<Future<void>>["
"lib/src/chat.dart","8317","_ChatState._schedulePostOpenTasks","await","await _fetchAndStoreBackendMuteStatus(groupId);"
"lib/src/chat.dart","8345","_ChatState._schedulePostOpenTasks","await","await _runOpenGroupMetadataEnrichment("
"lib/src/chat.dart","8354","_ChatState._schedulePostOpenTasks","budget","delay: const Duration(milliseconds: 650),"
"lib/src/chat.dart","8359","_ChatState._schedulePostOpenTasks","await","await Future.wait<void>(<Future<void>>["
"lib/src/chat.dart","8392","_ChatState._schedulePostOpenTasks","await","await Future.wait<void>(idleTasks);"
"lib/src/chat.dart","8395","_ChatState._schedulePostOpenTasks","await","await _reloadChatHistoryIfEmpty(reason: 'post_open');"
"lib/src/chat.dart","8402","_ChatState._schedulePostOpenTasks","budget","delay: const Duration(milliseconds: 900),"
"lib/src/chat.dart","8411","_ChatState._schedulePostOpenTasks","await","await _verifyGroupMembershipOnOpen();"
"lib/src/chat.dart","8417","_ChatState._schedulePostOpenTasks","post_frame","WidgetsBinding.instance.addPostFrameCallback((_) {"
"lib/src/chat.dart","8428","_ChatState._schedulePostOpenTasks","detached","unawaited(runTasks());"
"lib/src/chat.dart","9213","_ChatState.initState","post_frame","WidgetsBinding.instance.addPostFrameCallback((_) {"
"lib/src/chat.dart","9354","_ChatState.initState","detached","unawaited((() async {"
"lib/src/chat.dart","9355","_ChatState.initState","await","await ChatOpenViewportCoordinator.instance.prepareOpenViewport("
"lib/src/chat.dart","9377","_ChatState.initState","budget","duration: const Duration(seconds: 3),"
"lib/src/chat.dart","9398","_ChatState.initState","detached","unawaited("
"lib/src/chat.dart","9426","_ChatState.initState","detached","unawaited("
"lib/src/chat.dart","9436","_ChatState.initState","detached","unawaited("
"lib/src/chat.dart","9479","_ChatState.initState","detached","unawaited(_clearChatLocalDraftAfterSend(conversationId));"
"lib/src/chat.dart","9494","_ChatState.initState","detached","unawaited("
"lib/src/chat.dart","9500","_ChatState.initState","detached","unawaited("
"lib/src/chat.dart","9507","_ChatState.initState","detached","unawaited("
"lib/src/chat.dart","9514","_ChatState.initState","await","await ChatSessionController.instance"
"lib/src/chat.dart","9527","_ChatState.initState","await","await ChatSessionController.instance.refreshConversationItem("
"lib/src/chat.dart","9561","_ChatState.initState","detached","unawaited(_loadPeerFaceUrl());"
"lib/src/chat.dart","9562","_ChatState.initState","detached","unawaited(_loadPeerLocalProfile());"
"lib/src/chat.dart","9581","_ChatState.initState","detached","unawaited(_prefetchShellBackground());"
"lib/src/chat.dart","9583","_ChatState.initState","post_frame","WidgetsBinding.instance.addPostFrameCallback((_) {"
"lib/src/chat.dart","9599","_ChatState.initState","detached","unawaited(_activatePendingExternalEntryOnInit());"
"lib/src/chat.dart","9700","_ChatState.deactivate","detached","unawaited(_persistChatLocalDraft());"
"lib/src/chat.dart","9849","_ChatState.dispose","detached","unawaited("
"lib/src/chat.dart","9879","_ChatState.dispose","detached","unawaited("
"lib/src/chat.dart","9897","_ChatState.dispose","budget","cooldown: const Duration(seconds: 3),"
"lib/src/chat.dart","9941","_ChatState.dispose","detached","unawaited(SoundPlayer.stop());"
"lib/src/chat.dart","10669","_ChatState.didUpdateWidget","detached","unawaited("
"lib/src/chat.dart","10702","_ChatState.didUpdateWidget","detached","unawaited(SoundPlayer.stop());"
"lib/src/conversation.dart","2167","_ConversationState._scheduleViewportWarmAfterSettle","timer_or_timeout","_viewportWarmSettleTimer = Timer(_viewportWarmSettleDelay, () {"
"lib/src/conversation.dart","2228","_ConversationState._runViewportWarmNow","detached","unawaited("
"lib/src/conversation.dart","2252","_ConversationState._runViewportWarmNow","detached","unawaited("
"lib/src/conversation.dart","2278","_ConversationState._warmConversationOnPress","detached","unawaited(ChatOpenViewportCoordinator.instance.ensureLocalSnapshotForOpen("
"lib/src/conversation.dart","3257","_ConversationState._handleOnConvItemTaped","detached","unawaited("
"lib/src/conversation.dart","3293","_ConversationState._handleOnConvItemTaped","await","await ConversationUnreadClearService.clearLocalForOpenFast("
"lib/src/conversation.dart","3333","_ConversationState._handleOnConvItemTaped","detached","unawaited("
"lib/src/conversation.dart","3358","_ConversationState._handleOnConvItemTaped","detached","unawaited("
"lib/src/conversation.dart","3377","_ConversationState._handleOnConvItemTaped","detached","unawaited(() async {"
"lib/src/conversation.dart","3385","_ConversationState._handleOnConvItemTaped","await","final snap = await prepareTask;"
"lib/src/conversation.dart","3436","_ConversationState._handleOnConvItemTaped","await","await openOrReuseAppChat("
"lib/src/conversation.dart","3455","_ConversationState._handleOnConvItemTaped","await","await _finalizeConversationLeave("
"lib/src/conversation.dart","3463","_ConversationState._handleOnConvItemTaped","detached","unawaited("
"third_party/tencent_cloud_chat_uikit/lib/business_logic/view_models/tui_chat_global_model.dart","3655","TUIChatGlobalModel.abandonOutcomeUnknownMessage","await","await ImOutgoingSendCoordinator.instance.abandonOutcomeUnknown("
"third_party/tencent_cloud_chat_uikit/lib/business_logic/view_models/tui_chat_global_model.dart","6607","TUIChatGlobalModel.ensureOpenHydrate","await","if (canPublish() && await load()) {"
"third_party/tencent_cloud_chat_uikit/lib/business_logic/view_models/tui_chat_global_model.dart","6675","TUIChatGlobalModel.awaitOpenHydrateInFlight","budget","Duration timeout = const Duration(milliseconds: 450),"
"third_party/tencent_cloud_chat_uikit/lib/business_logic/view_models/tui_chat_global_model.dart","6682","TUIChatGlobalModel.awaitOpenHydrateInFlight","await","await inFlight.timeout(timeout);"
"third_party/tencent_cloud_chat_uikit/lib/business_logic/view_models/tui_chat_global_model.dart","10799","TUIChatGlobalModel._sendMessage","await","? await _loadGroupReceiptType(groupID)"
"third_party/tencent_cloud_chat_uikit/lib/business_logic/view_models/tui_chat_global_model.dart","10806","TUIChatGlobalModel._sendMessage","await","final coordinatedSend = await ImOutgoingSendCoordinator.instance.send("
"third_party/tencent_cloud_chat_uikit/lib/business_logic/view_models/tui_chat_global_model.dart","10865","TUIChatGlobalModel._sendMessage","await","await ImOutgoingSendCoordinator.instance.completeSuccessfulProjection("
"third_party/tencent_cloud_chat_uikit/lib/business_logic/view_models/tui_chat_global_model.dart","12408","TUIChatGlobalModel.updateMessage","budget","Future<void>.delayed(const Duration(milliseconds: 380), () {"
"third_party/tencent_cloud_chat_uikit/lib/business_logic/view_models/tui_chat_global_model.dart","10245","TUIChatGlobalModel.applyAppRealtimeMessage","await","await _onReceiveNewMsg("
"third_party/tencent_cloud_chat_uikit/lib/business_logic/view_models/tui_chat_global_model.dart","9267","TUIChatGlobalModel._onReceiveNewMsg","await","mountedMessage = await _lifeCycle!.newMessageWillMount(msgComing);"
"third_party/tencent_cloud_chat_uikit/lib/business_logic/view_models/tui_chat_global_model.dart","9297","TUIChatGlobalModel._onReceiveNewMsg","detached","unawaited("
"third_party/tencent_cloud_chat_uikit/lib/business_logic/view_models/tui_chat_global_model.dart","9316","TUIChatGlobalModel._onReceiveNewMsg","await","await _admitBoundedHistoryIncoming("
"third_party/tencent_cloud_chat_uikit/lib/business_logic/view_models/tui_chat_global_model.dart","9334","TUIChatGlobalModel._onReceiveNewMsg","await","await _admitBoundedHistoryIncoming(mountedMessage,"
"third_party/tencent_cloud_chat_uikit/lib/business_logic/view_models/tui_chat_global_model.dart","1388","TUIChatGlobalModel.completeHistoryReconciliation","detached","unawaited("
"third_party/tencent_cloud_chat_uikit/lib/business_logic/separate_models/tui_chat_separate_view_model.dart","895","TUIChatSeparateViewModel.initForEachConversation","detached","unawaited(globalModel.beginHistoryUnreadVisit(conversationID).catchError("
"third_party/tencent_cloud_chat_uikit/lib/business_logic/separate_models/tui_chat_separate_view_model.dart","926","TUIChatSeparateViewModel.initForEachConversation","await","final authoritative = await globalModel.applyHistoryWindowMutations("
"third_party/tencent_cloud_chat_uikit/lib/business_logic/separate_models/tui_chat_separate_view_model.dart","1036","TUIChatSeparateViewModel.initForEachConversation","post_frame","WidgetsBinding.instance.addPostFrameCallback((_) {"
"third_party/tencent_cloud_chat_uikit/lib/business_logic/separate_models/tui_chat_separate_view_model.dart","5506","TUIChatSeparateViewModel._sendMessage","await","await loadGroupInfo(groupID);"
"third_party/tencent_cloud_chat_uikit/lib/business_logic/separate_models/tui_chat_separate_view_model.dart","5553","TUIChatSeparateViewModel._sendMessage","await","final coordinatedSend = await ImOutgoingSendCoordinator.instance.send("
"third_party/tencent_cloud_chat_uikit/lib/business_logic/separate_models/tui_chat_separate_view_model.dart","5596","TUIChatSeparateViewModel._sendMessage","await","await _messageService.revokeMessage("
"third_party/tencent_cloud_chat_uikit/lib/business_logic/separate_models/tui_chat_separate_view_model.dart","5601","TUIChatSeparateViewModel._sendMessage","await","await _messageService.deleteMessageFromLocalStorage("
"third_party/tencent_cloud_chat_uikit/lib/business_logic/separate_models/tui_chat_separate_view_model.dart","5674","TUIChatSeparateViewModel._sendMessage","await","await ImOutgoingSendCoordinator.instance.completeSuccessfulProjection("
"third_party/tencent_cloud_chat_uikit/lib/business_logic/separate_models/tui_chat_separate_view_model.dart","5964","TUIChatSeparateViewModel.sendTextAtMessage","await","final textATMessageInfo = await _messageService.createTextAtMessage("
"third_party/tencent_cloud_chat_uikit/lib/business_logic/separate_models/tui_chat_separate_view_model.dart","7584","TUIChatSeparateViewModel._performFailedMessageResend","await","final recreated = await recreateOutgoingMessage(_messageService, message);"
"third_party/tencent_cloud_chat_uikit/lib/business_logic/separate_models/tui_chat_separate_view_model.dart","7597","TUIChatSeparateViewModel._performFailedMessageResend","await","await _messageService.deleteMessageFromLocalStorage("
"third_party/tencent_cloud_chat_uikit/lib/business_logic/separate_models/tui_chat_separate_view_model.dart","7631","TUIChatSeparateViewModel.sendTextMessage","await","final textMessageInfo = await _messageService.createTextMessage(text: text);"
"third_party/tencent_cloud_chat_uikit/lib/ui/views/TIMUIKitChat/TIMUIKItMessageList/tim_uikit_chat_history_message_list.dart","809","_TIMUIKitHistoryMessageListState._scheduleMessagesFirstVisibleAfterReveal","post_frame","WidgetsBinding.instance.addPostFrameCallback((_) {"
"third_party/tencent_cloud_chat_uikit/lib/ui/views/TIMUIKitChat/TIMUIKItMessageList/tim_uikit_chat_history_message_list.dart","15292","_HeadMessageLayoutReporterState._scheduleReport","post_frame","WidgetsBinding.instance.addPostFrameCallback((_) => _reportIfReady());"
"lib/src/services/conversation_peek_service.dart","160","ConversationPeekService._loadCloudOnlyForChatEntry","await","final result = await serviceLocator<TUIChatGlobalModel>()"
"lib/src/services/conversation_peek_service.dart","169","ConversationPeekService._loadCloudOnlyForChatEntry","await","messages = await _dropMessagesAtOrBeforeHistoryClear("
"lib/src/services/conversation_peek_service.dart","173","ConversationPeekService._loadCloudOnlyForChatEntry","await","await MessageMediaMetadataStore.instance.hydrateMessages(messages);"
"lib/src/services/conversation_peek_service.dart","174","ConversationPeekService._loadCloudOnlyForChatEntry","detached","unawaited(MessageMediaMetadataStore.instance.persistFromMessages(messages));"
"lib/src/services/conversation_peek_service.dart","195","ConversationPeekService._hydrateLocalMessageMetadata","await","await MessageMediaMetadataStore.instance.hydrateMessages(messages);"
"lib/src/services/conversation_peek_service.dart","196","ConversationPeekService._hydrateLocalMessageMetadata","detached","unawaited("
"lib/src/services/conversation_peek_service.dart","222","ConversationPeekService.loadLocalForChatEntry","await","final result = await MessageHistoryPeekLoader.loadOlderLocalOnlyResult("
"lib/src/services/conversation_peek_service.dart","229","ConversationPeekService.loadLocalForChatEntry","await","messages = await _dropMessagesAtOrBeforeHistoryClear("
"lib/src/services/conversation_peek_service.dart","235","ConversationPeekService.loadLocalForChatEntry","detached","unawaited(_hydrateLocalMessageMetadata(messages));"
"lib/src/services/conversation_peek_service.dart","299","ConversationPeekService._loadOlder","await","await MessageHistoryPeekLoader.loadOlderLocalThenCloudResult("
"lib/src/services/conversation_peek_service.dart","310","ConversationPeekService._loadOlder","await","merged = await _dropMessagesAtOrBeforeHistoryClear("
"lib/src/services/conversation_peek_service.dart","317","ConversationPeekService._loadOlder","await","merged = await _dropMessagesAtOrBeforeHistoryClear("
"lib/src/services/conversation_peek_service.dart","328","ConversationPeekService._loadOlder","await","await MessageMediaMetadataStore.instance.hydrateMessages(sorted);"
"lib/src/services/conversation_peek_service.dart","329","ConversationPeekService._loadOlder","detached","unawaited(MessageMediaMetadataStore.instance.persistFromMessages(sorted));"
"lib/src/services/conversation_peek_service.dart","363","ConversationPeekService._dropMessagesAtOrBeforeHistoryClear","await","final clearedAt = await ConversationLocalStore.instance.historyClearedAtMs("
"lib/src/services/conversation_unread_clear_service.dart","689","ConversationUnreadClearService.clearLocalForOpenFast","detached","unawaited("
"lib/src/services/conversation_unread_clear_service.dart","698","ConversationUnreadClearService.clearLocalForOpenFast","detached","unawaited("
"lib/src/services/conversation_unread_clear_service.dart","717","ConversationUnreadClearService._persistOpenReadIntentAndDispatch","await","await ConversationReadOutboxStore.instance.enqueue("
"lib/src/services/conversation_unread_clear_service.dart","726","ConversationUnreadClearService._persistOpenReadIntentAndDispatch","await","await scheduleSdkUnreadClean("
"lib/src/services/conversation_unread_clear_service.dart","733","ConversationUnreadClearService._persistOpenReadIntentAndDispatch","await","await _armReadOutboxRetryTimer();"
"lib/utils/chat_image_message_prefetch.dart","803","ChatImageMessagePrefetch.prepareFirstWindowMedia","await","await warmWithBudget("
"lib/utils/chat_image_message_prefetch.dart","821","ChatImageMessagePrefetch.prepareFirstWindowMedia","detached","unawaited("
"lib/utils/chat_image_message_prefetch.dart","825","ChatImageMessagePrefetch.prepareFirstWindowMedia","await","await warmWithBudget(selected, remaining);"
"lib/utils/chat_image_message_prefetch.dart","831","ChatImageMessagePrefetch.prepareFirstWindowMedia","await","await resolveTask;"
"lib/utils/chat_image_message_prefetch.dart","834","ChatImageMessagePrefetch.prepareFirstWindowMedia","await","await warmWithBudget(selected, remaining);"
"lib/utils/chat_image_message_prefetch.dart","1072","ChatImageMessagePrefetch.warmWithBudget","await","await Future.wait(jobs).timeout(budget);"
"lib/utils/chat_image_message_prefetch.dart","81","ChatImageMessagePrefetch.initialMediaBudget","budget","static const Duration initialMediaBudget = Duration(milliseconds: 220);"
"lib/utils/chat_image_message_prefetch.dart","82","ChatImageMessagePrefetch.initialLocalMediaBudget","budget","static const Duration initialLocalMediaBudget = Duration(milliseconds: 24);"
"lib/utils/chat_image_message_prefetch.dart","83","ChatImageMessagePrefetch.initialMediaUrlBudget","budget","static const Duration initialMediaUrlBudget = Duration(milliseconds: 140);"
"third_party/tencent_cloud_chat_uikit/lib/ui/views/TIMUIKitChat/tim_uikit_chat.dart","492","_TUIChatState.initState","post_frame","WidgetsBinding.instance.addPostFrameCallback((_) {"
"third_party/tencent_cloud_chat_uikit/lib/ui/views/TIMUIKitChat/tim_uikit_chat.dart","501","_TUIChatState.initState","budget","Future<void>.delayed(const Duration(milliseconds: 800), () {"
"third_party/tencent_cloud_chat_uikit/lib/ui/views/TIMUIKitChat/tim_uikit_chat.dart","507","_TUIChatState.initState","budget","Future.delayed(const Duration(milliseconds: 500), () {"
"third_party/tencent_cloud_chat_uikit/lib/ui/views/TIMUIKitChat/tim_uikit_chat.dart","643","_TUIChatState.didUpdateWidget","post_frame","WidgetsBinding.instance.addPostFrameCallback((_) {"
"third_party/tencent_cloud_chat_uikit/lib/ui/views/TIMUIKitChat/tim_uikit_chat.dart","659","_TUIChatState.didUpdateWidget","budget","Future.delayed(const Duration(milliseconds: 50), () {"
"third_party/tencent_cloud_chat_uikit/lib/ui/views/TIMUIKitChat/tim_uikit_chat.dart","1890","TIMUIKitChatProviderScope._loadData","await","await _ensureInitialUnreadWindowLoaded(initialUnreadCount);"
"third_party/tencent_cloud_chat_uikit/lib/ui/views/TIMUIKitChat/tim_uikit_chat.dart","1943","TIMUIKitChatProviderScope._loadData","await","await globalModel.awaitOpenHydrateInFlight("
"third_party/tencent_cloud_chat_uikit/lib/ui/views/TIMUIKitChat/tim_uikit_chat.dart","1945","TIMUIKitChatProviderScope._loadData","budget","timeout: const Duration(milliseconds: 80),"
"third_party/tencent_cloud_chat_uikit/lib/ui/views/TIMUIKitChat/tim_uikit_chat.dart","1990","TIMUIKitChatProviderScope._loadData","await","await model!.loadChatRecord("
"third_party/tencent_cloud_chat_uikit/lib/ui/views/TIMUIKitChat/tim_uikit_chat.dart","2039","TIMUIKitChatProviderScope._loadData","await","await globalModel.awaitOpenHydrateInFlight("
"third_party/tencent_cloud_chat_uikit/lib/ui/views/TIMUIKitChat/tim_uikit_chat.dart","2041","TIMUIKitChatProviderScope._loadData","budget","timeout: const Duration(milliseconds: 900),"
"third_party/tencent_cloud_chat_uikit/lib/ui/views/TIMUIKitChat/tim_uikit_chat.dart","2048","TIMUIKitChatProviderScope._loadData","await","await globalModel.awaitOpenHydrateInFlight("
"third_party/tencent_cloud_chat_uikit/lib/ui/views/TIMUIKitChat/tim_uikit_chat.dart","2050","TIMUIKitChatProviderScope._loadData","budget","timeout: const Duration(milliseconds: 3000),"
"third_party/tencent_cloud_chat_uikit/lib/ui/views/TIMUIKitChat/tim_uikit_chat.dart","2099","TIMUIKitChatProviderScope._loadData","await","final peekRefreshed = await model!.hydrateInitialHistoryPeekStyle("
"third_party/tencent_cloud_chat_uikit/lib/ui/views/TIMUIKitChat/tim_uikit_chat.dart","2152","TIMUIKitChatProviderScope._loadData","await","final loaded = await model!"
"third_party/tencent_cloud_chat_uikit/lib/ui/views/TIMUIKitChat/tim_uikit_chat.dart","2158","TIMUIKitChatProviderScope._loadData","budget",".timeout(const Duration(seconds: 12));"
"third_party/tencent_cloud_chat_uikit/lib/ui/views/TIMUIKitChat/tim_uikit_chat.dart","2194","TIMUIKitChatProviderScope._loadData","await","final loaded = await model!.loadListForSpecificMessage("
"third_party/tencent_cloud_chat_uikit/lib/ui/views/TIMUIKitChat/tim_uikit_chat.dart","2218","TIMUIKitChatProviderScope._loadData","await","final localLoaded = await model!.loadChatRecord("
"third_party/tencent_cloud_chat_uikit/lib/ui/views/TIMUIKitChat/tim_uikit_chat.dart","2240","TIMUIKitChatProviderScope._loadData","await","final cloudLoaded = await model!.loadChatRecord("
"third_party/tencent_cloud_chat_uikit/lib/ui/views/TIMUIKitChat/tim_uikit_chat.dart","2257","TIMUIKitChatProviderScope._loadData","await","final cloudLoaded = await model!.loadChatRecord("
"third_party/tencent_cloud_chat_uikit/lib/ui/views/TIMUIKitChat/tim_uikit_chat.dart","2376","TIMUIKitChatProviderScope._loadData","await","await model!.markMessageAsRead(force: true);"