file,line,method,path
lib/src/api/agent_rebate_api.dart,37,GET,/api/v1/agent/entry-context
lib/src/api/agent_rebate_api.dart,56,GET,/api/v1/me/team/members
lib/src/api/agent_rebate_api.dart,76,GET,/api/v1/me/team/dashboard
lib/src/api/agent_rebate_api.dart,91,GET,/api/v1/me/team/member-dashboard
lib/src/api/agent_rebate_api.dart,106,GET,/api/v1/me/member-daily
lib/src/api/agent_rebate_api.dart,127,POST,/api/v1/me/transfer-to-child
lib/src/api/agent_rebate_api.dart,139,POST,/api/v1/me/rebate/claim
lib/src/api/agent_rebate_api.dart,148,GET,/me/robot/groups/$id
lib/src/api/agent_rebate_api.dart,161,POST,/me/robot/groups/$id/bind
lib/src/api/agent_rebate_api.dart,175,POST,/me/robot/groups/$id/enable
lib/src/api/agent_rebate_api.dart,184,GET,/me/agent/player
lib/src/api/agent_rebate_api.dart,192,GET,/me/agent/rebate/current
lib/src/api/agent_rebate_api.dart,200,POST,/me/agent/rebate/apply
lib/src/api/agent_rebate_api.dart,208,GET,/me/agent/rebate/apply/status
lib/src/api/agent_rebate_api.dart,217,POST,/me/rebate/apply
lib/src/api/agent_rebate_api.dart,225,GET,/me/rebate/apply/status
lib/src/api/agent_rebate_api.dart,330,GET,/me/agent/descendants
lib/src/api/agent_rebate_api.dart,339,GET,/me/agent/first-level-agents
lib/src/api/agent_rebate_api.dart,351,GET,/me/agent/descendants/${Uri.encodeComponent(id)}
lib/src/api/agent_rebate_api.dart,379,PUT,/api/v1/me/children/${Uri.encodeComponent(id)}/rebate
lib/src/api/agent_rebate_api.dart,397,PUT,/api/v1/admin/agent/chat-binding
lib/src/api/agent_rebate_api.dart,414,DELETE,/api/v1/admin/agent/chat-binding
lib/src/api/agent_rebate_api.dart,427,GET,/api/v1/me/children/${Uri.encodeComponent(id)}/rebate
lib/src/api/agent_rebate_api.dart,464,PUT,/api/v1/me/hierarchy/${Uri.encodeComponent(child)}/parent
lib/src/api/agent_rebate_api.dart,480,DELETE,/api/v1/me/hierarchy/${Uri.encodeComponent(child)}
lib/src/api/agent_rebate_api.dart,494,GET,/me/agent/descendants/history
lib/src/api/agent_rebate_api.dart,509,POST,/me/agent/rebate/history/export
lib/src/api/agent_rebate_api.dart,525,GET,/me/agent/rebate/history/export/${Uri.encodeComponent(taskNo)}
lib/src/api/agent_rebate_api.dart,536,GET,/me/agent/rebate/history/export/${Uri.encodeComponent(taskNo)}/download
lib/src/api/archived_conversation_api.dart,139,GET,/me/archived-conversations
lib/src/api/archived_conversation_api.dart,188,PUT,/me/archived-conversations
lib/src/api/archived_conversation_api.dart,217,PUT,/me/archived-conversations/batch
lib/src/api/auth_api.dart,60,POST,/sms/send
lib/src/api/auth_api.dart,72,POST,/auth/register
lib/src/api/auth_api.dart,90,POST,/auth/login/sms
lib/src/api/auth_api.dart,111,POST,/auth/login/password
lib/src/api/auth_api.dart,120,POST,/auth/login/password/verify
lib/src/api/auth_api.dart,134,POST,/auth/password/reset
lib/src/api/auth_api.dart,149,POST,/auth/password/change
lib/src/api/auth_api.dart,178,GET,/im/user-sig
lib/src/api/auth_api.dart,216,GET,/me
lib/src/api/auth_api.dart,227,POST,/auth/login/qr/session
lib/src/api/auth_api.dart,237,GET,/auth/login/qr/session/$id
lib/src/api/auth_api.dart,247,POST,/auth/login/qr/scan
lib/src/api/auth_api.dart,262,POST,/auth/login/qr/confirm
lib/src/api/block_api.dart,113,POST,/me/blocks
lib/src/api/block_api.dart,126,DELETE,/me/blocks/${Uri.encodeComponent(id)}
lib/src/api/block_api.dart,141,GET,/me/blocks
lib/src/api/call_record_api.dart,274,GET,/calls/recent
lib/src/api/call_record_api.dart,317,GET,/calls/${Uri.encodeComponent(id)}
lib/src/api/call_record_api.dart,342,DELETE,/calls/recent/${Uri.encodeComponent(callId)}
lib/src/api/call_record_api.dart,353,DELETE,/calls/recent
lib/src/api/conversation_folder_api.dart,178,GET,/me/conversation-folders
lib/src/api/conversation_folder_api.dart,235,PUT,/me/conversation-folders
lib/src/api/conversation_folder_api.dart,262,DELETE,/me/conversation-folders/$id
lib/src/api/conversation_folder_api.dart,277,PUT,/me/conversation-folders/$id/members
lib/src/api/conversation_folder_api.dart,301,PUT,/me/conversation-folders/replace
lib/src/api/conversation_notify_api.dart,90,PUT,/me/conversation-notify
lib/src/api/conversation_notify_api.dart,107,PUT,/me/conversation-notify/batch
lib/src/api/conversation_notify_api.dart,118,GET,/me/conversation-notify
lib/src/api/device_api.dart,15,GET,/me/devices
lib/src/api/device_api.dart,21,POST,/me/devices/$id/kick
lib/src/api/device_api.dart,27,POST,/me/devices/kick-others
lib/src/api/favorite_message_api.dart,61,GET,/me/favorites
lib/src/api/favorite_message_api.dart,108,GET,/me/favorites/$encoded
lib/src/api/favorite_message_api.dart,114,POST,/me/favorites
lib/src/api/favorite_message_api.dart,196,POST,/me/favorites/upload
lib/src/api/favorite_message_api.dart,218,PUT,/me/favorites/$encoded
lib/src/api/favorite_message_api.dart,225,DELETE,/me/favorites/$encoded
lib/src/api/favorite_message_api.dart,232,DELETE,/me/favorites
lib/src/api/feedback_api.dart,101,POST,/feedback
lib/src/api/friend_request_api.dart,39,POST,/friend-requests
lib/src/api/friend_request_api.dart,84,GET,/friend-requests/incoming
lib/src/api/friend_request_api.dart,120,GET,/friend-requests/sent
lib/src/api/friend_request_api.dart,145,DELETE,/friend-requests/incoming/$requestId
lib/src/api/friend_request_api.dart,154,DELETE,/friend-requests/incoming/batch
lib/src/api/friend_request_api.dart,166,DELETE,/friend-requests/sent/$requestId
lib/src/api/friend_request_api.dart,175,DELETE,/friend-requests/sent/batch
lib/src/api/friend_request_api.dart,188,POST,/friend-requests/$requestId/accept
lib/src/api/friend_request_api.dart,200,POST,/friend-requests/$requestId/reject
lib/src/api/friend_request_api.dart,218,GET,/friend-application/history
lib/src/api/friend_request_api.dart,253,POST,/friend-application/accept
lib/src/api/friend_request_api.dart,264,POST,/friend-application/reject
lib/src/api/friend_request_api.dart,275,DELETE,/friend-application/history/$id
lib/src/api/group_change_event_api.dart,65,GET,/me/group-change-events
lib/src/api/group_create_limit_api.dart,222,GET,/me/group-create-limits
lib/src/api/group_join_api.dart,139,GET,/group/join-lookup
lib/src/api/group_join_api.dart,300,GET,/me/join-applications
lib/src/api/group_join_api.dart,446,DELETE,/me/join-applications/$id
lib/src/api/group_join_api.dart,457,DELETE,/me/join-applications
lib/src/api/group_notice_api.dart,24,GET,/me/group-notices
lib/src/api/group_notice_api.dart,62,PUT,/me/group-notices/read
lib/src/api/group_notice_api.dart,74,DELETE,/me/group-notices/${Uri.encodeComponent(id)}
lib/src/api/group_notice_api.dart,87,GET,/me/group-notices/changes
lib/src/api/group_notice_api.dart,127,DELETE,/me/group-notices
lib/src/api/im_snapshot_api.dart,191,GET,/im/snapshot
lib/src/api/kefu_visitor_api.dart,267,POST,/public/api/v1/inboxes/$inboxIdentifier/contacts
lib/src/api/livekit_call_api.dart,31,POST,/calls/livekit/invite
lib/src/api/livekit_call_api.dart,46,POST,/calls/livekit/accept
lib/src/api/livekit_call_api.dart,72,GET,/calls/livekit/status/${Uri.encodeComponent(id)}
lib/src/api/livekit_call_api.dart,88,GET,/calls/livekit/token
lib/src/api/livekit_call_api.dart,101,POST,/calls/livekit/telemetry
lib/src/api/location_api.dart,83,PUT,/me/location
lib/src/api/lottery_number_mappings.dart,140,GET,/api/admin/robot-desk/number-mappings
lib/src/api/me_friend_api.dart,85,GET,/me/friends
lib/src/api/me_friend_api.dart,149,GET,/me/friends/changes
lib/src/api/me_friend_api.dart,253,PUT,/me/friends/$id/remark
lib/src/api/me_friend_api.dart,282,DELETE,/me/friends/$id
lib/src/api/me_friend_api.dart,303,GET,/me/friends/${Uri.encodeComponent(id)}/relation
lib/src/api/me_group_api.dart,506,GET,/me/groups
lib/src/api/me_group_api.dart,764,GET,/groups/${Uri.encodeComponent(id)}/avatar-preview
lib/src/api/me_group_api.dart,982,POST,/group
lib/src/api/me_group_api.dart,1714,GET,/me/groups/$encoded/members/changes
lib/src/api/me_notification_settings_api.dart,16,GET,/me/notification-settings
lib/src/api/me_notification_settings_api.dart,35,PUT,/me/notification-settings
lib/src/api/moments_api.dart,50,GET,/moments/feed
lib/src/api/moments_api.dart,62,GET,/moments/users/${Uri.encodeComponent(userId.trim())}
lib/src/api/moments_api.dart,70,GET,/moments/${Uri.encodeComponent(momentId)}
lib/src/api/moments_api.dart,90,POST,/moments/media/upload
lib/src/api/moments_api.dart,122,POST,/moments
lib/src/api/moments_api.dart,145,DELETE,/moments/${Uri.encodeComponent(momentId)}
lib/src/api/moments_api.dart,150,POST,/moments/${Uri.encodeComponent(momentId)}/likes
lib/src/api/moments_api.dart,156,DELETE,/moments/${Uri.encodeComponent(momentId)}/likes/me
lib/src/api/moments_api.dart,165,POST,/moments/${Uri.encodeComponent(momentId)}/comments
lib/src/api/moments_api.dart,181,DELETE,/moments/${Uri.encodeComponent(momentId)}/comments/${Uri.encodeComponent(commentId)}
lib/src/api/moments_api.dart,190,GET,/moments/notifications
lib/src/api/moments_api.dart,220,POST,/moments/notifications/read
lib/src/api/moments_api.dart,230,GET,/moments/settings
lib/src/api/moments_api.dart,243,PUT,/moments/settings
lib/src/api/moments_api.dart,260,POST,/moments/cover/upload
lib/src/api/platform_api.dart,16,GET,/api/v1/platform/contact
lib/src/api/platform_api.dart,33,GET,/api/v1/platform/customer-service
lib/src/api/platform_api.dart,49,GET,/api/v1/platform/splash
lib/src/api/presence_api.dart,18,POST,/me/heartbeat
lib/src/api/presence_api.dart,32,POST,/presence/last-seen
lib/src/api/push_focus_api.dart,34,PUT,/me/push-focus
lib/src/api/push_focus_api.dart,38,DELETE,/me/push-focus
lib/src/api/push_token_api.dart,60,POST,/me/voip-push-token
lib/src/api/push_token_api.dart,98,POST,/me/push-token
lib/src/api/push_token_api.dart,107,DELETE,/me/push-token
lib/src/api/sangong_admin_api.dart,65,GET,/api/v1/admin/session
lib/src/api/sangong_admin_api.dart,70,POST,/api/v1/admin/auth/setup
lib/src/api/sangong_admin_api.dart,75,POST,/api/v1/admin/session/start
lib/src/api/sangong_admin_api.dart,84,POST,/api/v1/admin/session/stop
lib/src/api/sangong_admin_api.dart,93,GET,/api/v1/admin/events/snapshot
lib/src/api/sangong_admin_api.dart,118,GET,/api/v1/admin/reports/users
lib/src/api/sangong_admin_api.dart,176,GET,/api/v1/admin/reports/user-detail
lib/src/api/sangong_admin_api.dart,198,GET,/api/v1/admin/reports/user-hierarchy
lib/src/api/sangong_admin_api.dart,215,GET,/api/v1/admin/sessions
lib/src/api/sangong_admin_api.dart,222,GET,/api/v1/admin/tenants
lib/src/api/sangong_admin_api.dart,241,GET,/api/v1/admin/my-config
lib/src/api/sangong_admin_api.dart,270,PUT,/api/v1/admin/my-config
lib/src/api/sangong_admin_api.dart,284,GET,/api/v1/admin/my-config/members
lib/src/api/sangong_admin_api.dart,317,POST,/api/v1/admin/my-config/members
lib/src/api/sangong_admin_api.dart,339,DELETE,/api/v1/admin/my-config/members/$userId
lib/src/api/sangong_admin_api.dart,408,GET,/api/v1/admin/reports/user-flow
lib/src/api/sangong_admin_api.dart,423,POST,/api/v1/admin/users/credit
lib/src/api/sangong_admin_api.dart,442,POST,/api/v1/admin/users/debit
lib/src/api/sangong_admin_api.dart,467,PUT,/api/v1/admin/users/$userId/max-negative
lib/src/api/sangong_admin_api.dart,479,PUT,/api/v1/admin/users/group
lib/src/api/sangong_admin_api.dart,491,POST,/api/v1/admin/banker/setup
lib/src/api/sangong_admin_api.dart,505,POST,/api/v1/admin/banker/setup
lib/src/api/sangong_admin_api.dart,519,POST,/api/v1/admin/banker/send
lib/src/api/sangong_admin_api.dart,541,POST,/api/v1/admin/banker/quick-setup
lib/src/api/sangong_admin_api.dart,567,POST,/api/v1/admin/co-bank/send
lib/src/api/sangong_admin_api.dart,572,POST,/api/v1/admin/rounds/current/co-bank/remove
lib/src/api/sangong_admin_api.dart,631,POST,/api/v1/admin/reports/bet-image
lib/src/api/sangong_admin_api.dart,647,POST,/api/v1/admin/reports/settle-image
lib/src/api/sangong_admin_api.dart,662,POST,/api/v1/admin/reports/settle-bill
lib/src/api/sangong_admin_api.dart,686,POST,/api/v1/admin/reports/users/points-image
lib/src/api/sangong_admin_api.dart,696,POST,/api/v1/admin/reports/trend-image
lib/src/api/sangong_admin_api.dart,706,POST,/api/v1/admin/reports/preview-images/send
lib/src/api/sangong_admin_api.dart,716,GET,/api/v1/admin/rounds/current/draws
lib/src/api/sangong_admin_api.dart,724,POST,/api/v1/admin/draws
lib/src/api/sangong_admin_api.dart,735,POST,/api/v1/admin/rounds/$roundId/settle
lib/src/api/sangong_admin_api.dart,751,POST,/api/v1/admin/rounds/$roundId/void-settlement
lib/src/api/sangong_admin_api.dart,794,POST,/api/v1/admin/rounds/$roundId/resettle
lib/src/api/settings_api.dart,16,POST,/wallet/pay-pin/change
lib/src/api/settings_api.dart,25,POST,/wallet/pay-pin/set
lib/src/api/settings_api.dart,34,POST,/wallet/pay-pin/reset
lib/src/api/settings_api.dart,41,POST,/me/phone/change/start
lib/src/api/settings_api.dart,49,POST,/me/phone/change/verify-old
lib/src/api/settings_api.dart,61,POST,/me/phone/change/send-new
lib/src/api/settings_api.dart,73,POST,/me/phone/change/confirm
lib/src/api/settings_api.dart,84,POST,/me/phone/bind/start
lib/src/api/settings_api.dart,95,POST,/me/phone/bind/confirm
lib/src/api/starred_friend_api.dart,73,GET,/me/starred-friends
lib/src/api/sticker_api.dart,91,GET,/me/sticker-packs
lib/src/api/sticker_api.dart,96,PUT,/me/sticker-packs/order
lib/src/api/sticker_api.dart,103,DELETE,/me/sticker-packs/$encoded
lib/src/api/sticker_api.dart,107,GET,/me/stickers/favorites
lib/src/api/sticker_api.dart,112,POST,/me/stickers/favorites
lib/src/api/sticker_api.dart,119,DELETE,/me/stickers/favorites/$encoded
lib/src/api/sticker_api.dart,158,POST,/stickers/upload
lib/src/api/sticker_api.dart,268,POST,/me/sticker-packs/custom/items
lib/src/api/sticker_api.dart,275,DELETE,/me/sticker-packs/custom/items/$encoded
lib/src/api/sticker_api.dart,288,POST,/stickers/batch
lib/src/api/sticker_api.dart,328,GET,/stickers/$encoded
lib/src/api/sync_api.dart,19,GET,/me/sync/status
lib/src/api/sync_api.dart,26,POST,/me/sync/contacts/sessions
lib/src/api/sync_api.dart,37,POST,/me/sync/contacts/batch
lib/src/api/sync_api.dart,48,POST,/me/sync/contacts/complete
lib/src/api/sync_api.dart,57,POST,/me/sync/photos/sessions
lib/src/api/sync_api.dart,65,POST,/me/sync/photos/sessions/complete
lib/src/api/sync_api.dart,71,POST,/me/sync/photos/check
lib/src/api/sync_api.dart,79,POST,/me/sync/photos/init-upload
lib/src/api/sync_api.dart,86,POST,/me/sync/photos/complete
lib/src/api/sync_protocol_api.dart,318,GET,/sync/$normalizedDomain/snapshot
lib/src/api/sync_protocol_api.dart,345,GET,/sync/$normalizedDomain/changes
lib/src/api/upload_api.dart,147,POST,/group/avatar/upload
lib/src/api/user_api.dart,87,GET,/me/privacy
lib/src/api/user_api.dart,99,GET,/users/$id/privacy
lib/src/api/user_api.dart,114,POST,/users/add-friend/check
lib/src/api/user_api.dart,156,PUT,/me/privacy
lib/src/api/user_api.dart,162,GET,/me/friend-add-verify
lib/src/api/user_api.dart,170,PUT,/me/friend-add-verify
lib/src/api/user_api.dart,178,GET,/me/online-privacy-protection
lib/src/api/user_api.dart,186,PUT,/me/online-privacy-protection
lib/src/api/user_api.dart,202,GET,/users/$id/online-privacy-protection
lib/src/api/user_api.dart,216,POST,/users/search
lib/src/api/user_api.dart,251,GET,/users/${Uri.encodeComponent(id)}/profile
lib/src/api/user_api.dart,275,GET,/users/${Uri.encodeComponent(id)}/avatar-preview
lib/src/api/user_api.dart,290,POST,/users/contacts/match
lib/src/api/user_api.dart,312,GET,/nicknames/available
lib/src/api/user_api.dart,373,PATCH,/me/nickname
lib/src/api/user_api.dart,396,GET,/users/${Uri.encodeComponent(peer)}/common-groups
lib/src/api/wallet_api.dart,105,POST,/wallet/pay-pin/set
lib/src/api/wallet_api.dart,112,POST,/wallet/pay-pin/change
lib/src/api/wallet_api.dart,122,POST,/wallet/pay-pin/reset
lib/src/api/wallet_api.dart,129,GET,/wallet/currencies
lib/src/api/wallet_api.dart,156,POST,/wallet/transfer
lib/src/api/wallet_api.dart,177,POST,/wallet/withdraw
lib/src/api/wallet_api.dart,191,GET,/wallet/withdraw/${Uri.encodeComponent(orderId.trim())}
lib/src/api/wallet_api.dart,203,GET,/wallet/withdraw/by-client-id/${Uri.encodeComponent(clientOrderId.trim())}
lib/src/api/wallet_api.dart,221,PUT,/wallet/withdraw/${Uri.encodeComponent(orderId.trim())}/live-activity-token
lib/src/api/wallet_api.dart,306,POST,/wallet/exchange
lib/src/api/wallet_api.dart,318,GET,/wallet/exchanges
lib/src/api/wallet_api.dart,352,GET,/wallet/transfer/${Uri.encodeComponent(orderId.trim())}
lib/src/api/wallet_api.dart,363,GET,/wallet/transfer/by-client-id/${Uri.encodeComponent(clientOrderId.trim())}
lib/src/api/wallet_api.dart,638,GET,/wallet/ledger
lib/src/pages/life_payment/life_payment_repository.dart,298,GET,/life-payments/home
lib/src/pages/life_payment/life_payment_repository.dart,303,GET,/life-payments/services
lib/src/pages/life_payment/life_payment_repository.dart,318,GET,/life-payments/providers
lib/src/pages/life_payment/life_payment_repository.dart,341,GET,/life-payments/utility/amount-options
lib/src/pages/life_payment/life_payment_repository.dart,363,POST,/life-payments/utility/queries
lib/src/pages/life_payment/life_payment_repository.dart,378,GET,/life-payments/utility/queries/${Uri.encodeComponent(queryNo)}
lib/src/pages/life_payment/life_payment_repository.dart,398,POST,/life-payments/utility/orders
lib/src/pages/life_payment/life_payment_repository.dart,420,GET,/life-payments/orders/${Uri.encodeComponent(orderNo)}
lib/src/pages/life_payment/life_payment_repository.dart,432,POST,/life-payments/orders/${Uri.encodeComponent(orderNo)}/cancel
lib/src/pages/life_payment/mobile_recharge_repository.dart,161,GET,/life-payments/mobile/amount-options
lib/src/pages/life_payment/mobile_recharge_repository.dart,179,GET,/life-payments/accounts/profile
lib/src/pages/life_payment/mobile_recharge_repository.dart,202,POST,/life-payments/mobile/orders
lib/src/pages/life_payment/mobile_recharge_repository.dart,210,GET,/life-payments/orders/${Uri.encodeComponent(orderNo)}
lib/src/security/slider_captcha.dart,74,GET,/auth/slider/init
lib/src/security/slider_captcha.dart,118,POST,/auth/slider/verify
lib/src/services/api_node_service.dart,318,GET,/api/v1/platform/splash
lib/src/services/sangong_admin_realtime_service.dart,212,GET,/api/v1/admin/events/stream
lib/src/widgets/lottery_chat_entry.dart,35,GET,/group/${Uri.encodeComponent(ChatIdFormat.apiGroupId(groupUid))}
